[
    {
        "date": "2017-09-11T00:00:00",
        "course": "Orientation / Study Skills",
        "instructor": "Pat McGee / Marlene Delanghe",
        "notes": ""
    },
    {
        "date": "2017-09-12T00:00:00",
        "course": "Team Building / Prof Communication",
        "instructor": "Marlene Delanghe",
        "notes": ""
    },
    {
        "date": "2017-09-13T00:00:00",
        "course": "OO Programming in C# (Part 1)",
        "instructor": "Pat McGee",
        "notes": ""
    },
    {
        "date": "2017-09-14T00:00:00",
        "course": "Systems Analysis and Design",
        "instructor": "Pat McGee",
        "notes": ""
    },
    {
        "date": "2017-09-15T00:00:00",
        "course": "Relational Databases",
        "instructor": "Pat McGee",
        "notes": ""
    },
    {
        "date": "2017-09-18T00:00:00",
        "course": "OO Programming in C# (Part 1)",
        "instructor": "Pat McGee",
        "notes": ""
    },
    {
        "date": "2017-09-19T00:00:00",
        "course": "Systems Analysis and Design",
        "instructor": "Pat McGee",
        "notes": ""
    },
    {
        "date": "2017-09-20T00:00:00",
        "course": "Relational Databases",
        "instructor": "Pat McGee",
        "notes": ""
    },
    {
        "date": "2017-09-21T00:00:00",
        "course": "OO Programming in C# (Part 1)",
        "instructor": "Pat McGee",
        "notes": ""
    },
    {
        "date": "2017-09-22T00:00:00",
        "course": "Front End Web Design",
        "instructor": "Michael Whyte",
        "notes": ""
    },
    {
        "date": "2017-09-25T00:00:00",
        "course": "Front End Web Design",
        "instructor": "Michael Whyte",
        "notes": ""
    },
    {
        "date": "2017-09-26T00:00:00",
        "course": "Systems Analysis and Design",
        "instructor": "Pat McGee",
        "notes": ""
    },
    {
        "date": "2017-09-27T00:00:00",
        "course": "JavaScript (Part 1)",
        "instructor": "Jason Harrison",
        "notes": ""
    },
    {
        "date": "2017-09-28T00:00:00",
        "course": "Relational Databases",
        "instructor": "Pat McGee",
        "notes": ""
    },
    {
        "date": "2017-09-29T00:00:00",
        "course": "OO Programming in C# (Part 1)",
        "instructor": "Pat McGee",
        "notes": ""
    },
    {
        "date": "2017-10-02T00:00:00",
        "course": "Front End Web Design",
        "instructor": "Michael Whyte",
        "notes": ""
    },
    {
        "date": "2017-10-03T00:00:00",
        "course": "Systems Analysis and Design",
        "instructor": "Pat McGee",
        "notes": ""
    },
    {
        "date": "2017-10-04T00:00:00",
        "course": "JavaScript (Part 1)",
        "instructor": "Jason Harrison",
        "notes": ""
    },
    {
        "date": "2017-10-05T00:00:00",
        "course": "Relational Databases",
        "instructor": "Pat McGee",
        "notes": ""
    },
    {
        "date": "2017-10-06T00:00:00",
        "course": "Front End Web Design",
        "instructor": "Michael Whyte",
        "notes": ""
    },
    {
        "date": "2017-10-09T00:00:00",
        "course": "Thanksgiving Day",
        "instructor": "",
        "notes": ""
    },
    {
        "date": "2017-10-10T00:00:00",
        "course": "Presentation Skills",
        "instructor": "Marlene Delanghe",
        "notes": ""
    },
    {
        "date": "2017-10-11T00:00:00",
        "course": "JavaScript (Part 1)",
        "instructor": "Jason Harrison",
        "notes": ""
    },
    {
        "date": "2017-10-12T00:00:00",
        "course": "OO Programming in C# (Part 1)",
        "instructor": "Pat McGee",
        "notes": ""
    },
    {
        "date": "2017-10-13T00:00:00",
        "course": "Systems Analysis and Design",
        "instructor": "Pat McGee",
        "notes": ""
    },
    {
        "date": "2017-10-16T00:00:00",
        "course": "Front End Web Design",
        "instructor": "Michael Whyte",
        "notes": ""
    },
    {
        "date": "2017-10-17T00:00:00",
        "course": "Relational Databases",
        "instructor": "Pat McGee",
        "notes": ""
    },
    {
        "date": "2017-10-18T00:00:00",
        "course": "JavaScript (Part 1)",
        "instructor": "Jason Harrison",
        "notes": ""
    },
    {
        "date": "2017-10-19T00:00:00",
        "course": "OO Programming in C# (Part 2)",
        "instructor": "Pat McGee",
        "notes": ""
    },
    {
        "date": "2017-10-20T00:00:00",
        "course": "Relational Databases",
        "instructor": "Pat McGee",
        "notes": ""
    },
    {
        "date": "2017-10-23T00:00:00",
        "course": "Front End Web Design",
        "instructor": "Michael Whyte",
        "notes": ""
    },
    {
        "date": "2017-10-24T00:00:00",
        "course": "OO Programming in C# (Part 2)",
        "instructor": "Pat McGee",
        "notes": ""
    },
    {
        "date": "2017-10-25T00:00:00",
        "course": "JavaScript (Part 1)",
        "instructor": "Jason Harrison",
        "notes": ""
    },
    {
        "date": "2017-10-26T00:00:00",
        "course": "Javascript Applications",
        "instructor": "Pat McGee",
        "notes": ""
    },
    {
        "date": "2017-10-27T00:00:00",
        "course": "OO Programming in C# (Part 2)",
        "instructor": "Pat McGee",
        "notes": ""
    },
    {
        "date": "2017-10-30T00:00:00",
        "course": "Front End Web Design",
        "instructor": "Michael Whyte",
        "notes": ""
    },
    {
        "date": "2017-10-31T00:00:00",
        "course": "OO Programming in C# (Part 2) ",
        "instructor": "Pat McGee",
        "notes": ""
    },
    {
        "date": "2017-11-01T00:00:00",
        "course": "JavaScript (Part 2)",
        "instructor": "Jason Harrison",
        "notes": ""
    },
    {
        "date": "2017-11-02T00:00:00",
        "course": "OO Programming in C# (Part 2)",
        "instructor": "Pat McGee",
        "notes": ""
    },
    {
        "date": "2017-11-03T00:00:00",
        "course": "Front End Web Design",
        "instructor": "Michael Whyte",
        "notes": ""
    },
    {
        "date": "2017-11-06T00:00:00",
        "course": "Front End Web Design",
        "instructor": "Michael Whyte",
        "notes": ""
    },
    {
        "date": "2017-11-07T00:00:00",
        "course": "OO Programming in C# (Part 2) ",
        "instructor": "Pat McGee",
        "notes": ""
    },
    {
        "date": "2017-11-08T00:00:00",
        "course": "Javascript Applications",
        "instructor": "Pat McGee",
        "notes": ""
    },
    {
        "date": "2017-11-09T00:00:00",
        "course": "OO Programming in C# (Part 2) ",
        "instructor": "Pat McGee",
        "notes": ""
    },
    {
        "date": "2017-11-10T00:00:00",
        "course": "Introductory Java Programming",
        "instructor": "Paul Mills",
        "notes": ""
    },
    {
        "date": "2017-11-13T00:00:00",
        "course": "Remembrance Day - BCIT Closed",
        "instructor": "",
        "notes": ""
    },
    {
        "date": "2017-11-14T00:00:00",
        "course": "Javascript Applications",
        "instructor": "Pat McGee",
        "notes": ""
    },
    {
        "date": "2017-11-15T00:00:00",
        "course": "ASP.NET - 1",
        "instructor": "Pat McGee",
        "notes": ""
    },
    {
        "date": "2017-11-16T00:00:00",
        "course": "Project 1 - Phase 1",
        "instructor": "Pat McGee",
        "notes": ""
    },
    {
        "date": "2017-11-17T00:00:00",
        "course": "Introductory Java Programming",
        "instructor": "Paul Mills",
        "notes": ""
    },
    {
        "date": "2017-11-20T00:00:00",
        "course": "ASP.NET - 1",
        "instructor": "Pat McGee",
        "notes": ""
    },
    {
        "date": "2017-11-21T00:00:00",
        "course": "PHP / MySQL",
        "instructor": "Jeff Parker",
        "notes": ""
    },
    {
        "date": "2017-11-22T00:00:00",
        "course": "Javascript Applications",
        "instructor": "Pat McGee",
        "notes": ""
    },
    {
        "date": "2017-11-23T00:00:00",
        "course": "Project 1 - Phase 1",
        "instructor": "Pat McGee",
        "notes": ""
    },
    {
        "date": "2017-11-24T00:00:00",
        "course": "Introductory Java Programming",
        "instructor": "Paul Mills",
        "notes": ""
    },
    {
        "date": "2017-11-27T00:00:00",
        "course": "ASP.NET - 1",
        "instructor": "Pat McGee",
        "notes": ""
    },
    {
        "date": "2017-11-28T00:00:00",
        "course": "Javascript Applications",
        "instructor": "Pat McGee",
        "notes": ""
    },
    {
        "date": "2017-11-29T00:00:00",
        "course": "Project 1 - Phase 1",
        "instructor": "Pat McGee",
        "notes": ""
    },
    {
        "date": "2017-11-30T00:00:00",
        "course": "ASP.NET - 1",
        "instructor": "Pat McGee",
        "notes": ""
    },
    {
        "date": "2017-12-01T00:00:00",
        "course": "Introductory Java Programming",
        "instructor": "Paul Mills",
        "notes": ""
    },
    {
        "date": "2017-12-04T00:00:00",
        "course": "PHP / MySQL",
        "instructor": "Jeff Parker",
        "notes": ""
    },
    {
        "date": "2017-12-05T00:00:00",
        "course": "PHP / MySQL",
        "instructor": "Jeff Parker",
        "notes": ""
    },
    {
        "date": "2017-12-06T00:00:00",
        "course": "Javascript Applications",
        "instructor": "Pat McGee",
        "notes": ""
    },
    {
        "date": "2017-12-07T00:00:00",
        "course": "Project 1 - Phase 1",
        "instructor": "Pat McGee",
        "notes": ""
    },
    {
        "date": "2017-12-08T00:00:00",
        "course": "Introductory Java Programming",
        "instructor": "Paul Mills",
        "notes": ""
    },
    {
        "date": "2017-12-11T00:00:00",
        "course": "Flex day (no class is currently scheduled but this could change).",
        "instructor": "",
        "notes": ""
    },
    {
        "date": "2017-12-12T00:00:00",
        "course": "ASP.NET - 1",
        "instructor": "Pat McGee",
        "notes": ""
    },
    {
        "date": "2017-12-13T00:00:00",
        "course": "PHP / MySQL",
        "instructor": "Jeff Parker",
        "notes": ""
    },
    {
        "date": "2017-12-14T00:00:00",
        "course": "ASP.NET - 1",
        "instructor": "Pat McGee",
        "notes": ""
    },
    {
        "date": "2017-12-15T00:00:00",
        "course": "Project 1 - Phase 1",
        "instructor": "Pat McGee",
        "notes": ""
    },
    {
        "date": "2018-01-08T00:00:00",
        "course": "ASP.NET - 1",
        "instructor": "Pat McGee",
        "notes": ""
    },
    {
        "date": "2018-01-09T00:00:00",
        "course": "PHP / MySQL",
        "instructor": "Jeff Parker",
        "notes": ""
    },
    {
        "date": "2018-01-10T00:00:00",
        "course": "JavaScript (Part 2)",
        "instructor": "Jason Harrison",
        "notes": ""
    },
    {
        "date": "2018-01-11T00:00:00",
        "course": "ASP.NET - 1",
        "instructor": "Pat McGee",
        "notes": ""
    },
    {
        "date": "2018-01-12T00:00:00",
        "course": "Android Introduction",
        "instructor": "Paul Mills",
        "notes": ""
    },
    {
        "date": "2018-01-15T00:00:00",
        "course": "ASP.NET - 2",
        "instructor": "Pat McGee",
        "notes": ""
    },
    {
        "date": "2018-01-16T00:00:00",
        "course": "PHP / MySQL",
        "instructor": "Jeff Parker",
        "notes": "*"
    },
    {
        "date": "2018-01-17T00:00:00",
        "course": "JavaScript (Part 2)",
        "instructor": "Jason Harrison",
        "notes": "*"
    },
    {
        "date": "2018-01-18T00:00:00",
        "course": "PHP / MySQL",
        "instructor": "Jeff Parker",
        "notes": "*"
    },
    {
        "date": "2018-01-19T00:00:00",
        "course": "Android Introduction",
        "instructor": "Paul Mills",
        "notes": "*"
    },
    {
        "date": "2018-01-22T00:00:00",
        "course": "ASP.NET - 2",
        "instructor": "Pat McGee",
        "notes": ""
    },
    {
        "date": "2018-01-23T00:00:00",
        "course": "PHP / MySQL",
        "instructor": "Jeff Parker",
        "notes": "*"
    },
    {
        "date": "2018-01-24T00:00:00",
        "course": "JavaScript (Part 2)",
        "instructor": "Jason Harrison",
        "notes": ""
    },
    {
        "date": "2018-01-25T00:00:00",
        "course": "ASP.NET - 2",
        "instructor": "Pat McGee",
        "notes": ""
    },
    {
        "date": "2018-01-26T00:00:00",
        "course": "Android Introduction",
        "instructor": "Paul Mills",
        "notes": ""
    },
    {
        "date": "2018-01-29T00:00:00",
        "course": "ASP.NET - 2",
        "instructor": "Pat McGee",
        "notes": ""
    },
    {
        "date": "2018-01-30T00:00:00",
        "course": "Web Application Security",
        "instructor": "Pat McGee",
        "notes": ""
    },
    {
        "date": "2018-01-31T00:00:00",
        "course": "JavaScript (Part 2)",
        "instructor": "Jason Harrison",
        "notes": ""
    },
    {
        "date": "2018-02-01T00:00:00",
        "course": "Web Application Security",
        "instructor": "Pat McGee",
        "notes": ""
    },
    {
        "date": "2018-02-02T00:00:00",
        "course": "Android Introduction",
        "instructor": "Paul Mills",
        "notes": ""
    },
    {
        "date": "2018-02-05T00:00:00",
        "course": "ASP.NET - 2",
        "instructor": "Pat McGee",
        "notes": ""
    },
    {
        "date": "2018-02-06T00:00:00",
        "course": "Web Application Security",
        "instructor": "Pat McGee",
        "notes": ""
    },
    {
        "date": "2018-02-07T00:00:00",
        "course": "MEAN (Mongo, ExpressJS, Angular, Node)",
        "instructor": "Medhat Elmasry",
        "notes": ""
    },
    {
        "date": "2018-02-08T00:00:00",
        "course": "Project 1 - Phase 2",
        "instructor": "Pat McGee",
        "notes": ""
    },
    {
        "date": "2018-02-09T00:00:00",
        "course": "Android Introduction",
        "instructor": "Paul Mills",
        "notes": ""
    },
    {
        "date": "2018-02-12T00:00:00",
        "course": "Family Day",
        "instructor": "",
        "notes": ""
    },
    {
        "date": "2018-02-13T00:00:00",
        "course": "Project 1 - Phase 2",
        "instructor": "Pat McGee",
        "notes": ""
    },
    {
        "date": "2018-02-14T00:00:00",
        "course": "MEAN (Mongo, ExpressJS, Angular, Node)",
        "instructor": "Medhat Elmasry",
        "notes": ""
    },
    {
        "date": "2018-02-15T00:00:00",
        "course": "Web Application Security",
        "instructor": "Pat McGee",
        "notes": ""
    },
    {
        "date": "2018-02-16T00:00:00",
        "course": "Android Introduction",
        "instructor": "Paul Mills",
        "notes": ""
    },
    {
        "date": "2018-02-19T00:00:00",
        "course": "Front End Web Design",
        "instructor": "Michael Whyte",
        "notes": ""
    },
    {
        "date": "2018-02-20T00:00:00",
        "course": "Project 1 - Phase 2",
        "instructor": "Pat McGee",
        "notes": ""
    },
    {
        "date": "2018-02-21T00:00:00",
        "course": "MEAN (Mongo, ExpressJS, Angular, Node)",
        "instructor": "Medhat Elmasry",
        "notes": ""
    },
    {
        "date": "2018-02-22T00:00:00",
        "course": "Web Application Security",
        "instructor": "Pat McGee",
        "notes": ""
    },
    {
        "date": "2018-02-23T00:00:00",
        "course": "Android Introduction",
        "instructor": "Paul Mills",
        "notes": ""
    },
    {
        "date": "2018-02-26T00:00:00",
        "course": "Front End Web Design",
        "instructor": "Michael Whyte",
        "notes": ""
    },
    {
        "date": "2018-02-27T00:00:00",
        "course": "Project 1 - Phase 2",
        "instructor": "Pat McGee",
        "notes": ""
    },
    {
        "date": "2018-02-28T00:00:00",
        "course": "MEAN (Mongo, ExpressJS, Angular, Node)",
        "instructor": "Medhat Elmasry",
        "notes": ""
    },
    {
        "date": "2018-03-01T00:00:00",
        "course": "iOS Development",
        "instructor": "Pat McGee",
        "notes": ""
    },
    {
        "date": "2018-03-02T00:00:00",
        "course": "Android Introduction",
        "instructor": "Paul Mills",
        "notes": ""
    },
    {
        "date": "2018-03-05T00:00:00",
        "course": "iOS Development",
        "instructor": "Pat McGee",
        "notes": ""
    },
    {
        "date": "2018-03-06T00:00:00",
        "course": "iOS Development",
        "instructor": "Pat McGee",
        "notes": ""
    },
    {
        "date": "2018-03-07T00:00:00",
        "course": "MEAN (Mongo, ExpressJS, Angular, Node)",
        "instructor": "Medhat Elmasry",
        "notes": ""
    },
    {
        "date": "2018-03-08T00:00:00",
        "course": "Flex day (no class is currently scheduled but this could change).",
        "instructor": "",
        "notes": ""
    },
    {
        "date": "2018-03-09T00:00:00",
        "course": "Front End Web Design",
        "instructor": "Michael Whyte",
        "notes": ""
    },
    {
        "date": "2018-03-12T00:00:00",
        "course": "Front End Web Design",
        "instructor": "Michael Whyte",
        "notes": ""
    },
    {
        "date": "2018-03-13T00:00:00",
        "course": "iOS Development",
        "instructor": "Pat McGee",
        "notes": ""
    },
    {
        "date": "2018-03-14T00:00:00",
        "course": "MEAN (Mongo, ExpressJS, Angular, Node)",
        "instructor": "Medhat Elmasry",
        "notes": ""
    },
    {
        "date": "2018-03-15T00:00:00",
        "course": "iOS Development",
        "instructor": "Pat McGee",
        "notes": ""
    },
    {
        "date": "2018-03-16T00:00:00",
        "course": "iOS Development",
        "instructor": "Pat McGee",
        "notes": ""
    },
    {
        "date": "2018-03-19T00:00:00",
        "course": "March Break",
        "instructor": "",
        "notes": ""
    },
    {
        "date": "2018-03-20T00:00:00",
        "course": "March Break",
        "instructor": "",
        "notes": ""
    },
    {
        "date": "2018-03-21T00:00:00",
        "course": "March Break",
        "instructor": "",
        "notes": ""
    },
    {
        "date": "2018-03-22T00:00:00",
        "course": "March Break",
        "instructor": "",
        "notes": ""
    },
    {
        "date": "2018-03-23T00:00:00",
        "course": "March Break",
        "instructor": "",
        "notes": ""
    },
    {
        "date": "2018-03-26T00:00:00",
        "course": "Front End Web Design",
        "instructor": "Michael Whyte",
        "notes": ""
    },
    {
        "date": "2018-03-27T00:00:00",
        "course": "Project 1 - Phase 3",
        "instructor": "Pat McGee",
        "notes": ""
    },
    {
        "date": "2018-03-28T00:00:00",
        "course": "MEAN (Mongo, ExpressJS, Angular, Node)",
        "instructor": "Medhat Elmasry",
        "notes": ""
    },
    {
        "date": "2018-03-29T00:00:00",
        "course": "Resume Writing Essentials",
        "instructor": " Marlene Delanghe ",
        "notes": ""
    },
    {
        "date": "2018-03-30T00:00:00",
        "course": "BCIT Closed Good Friday",
        "instructor": "",
        "notes": ""
    },
    {
        "date": "2018-04-02T00:00:00",
        "course": "BCIT Closed Easter Monday",
        "instructor": "",
        "notes": ""
    },
    {
        "date": "2018-04-03T00:00:00",
        "course": "Project 1 - Phase 3",
        "instructor": "Pat McGee",
        "notes": "Marlene Resume One on One (Half day)"
    },
    {
        "date": "2018-04-04T00:00:00",
        "course": "Front End Web Design",
        "instructor": "Michael Whyte",
        "notes": ""
    },
    {
        "date": "2018-04-05T00:00:00",
        "course": "iOS Development",
        "instructor": "Pat McGee",
        "notes": "Marlene Resume One on One"
    },
    {
        "date": "2018-04-06T00:00:00",
        "course": "Project 1 - Phase 3",
        "instructor": "Pat McGee",
        "notes": "Marlene Resume One on One"
    },
    {
        "date": "2018-04-09T00:00:00",
        "course": "Interview Skills",
        "instructor": " Marlene Delanghe ",
        "notes": ""
    },
    {
        "date": "2018-04-10T00:00:00",
        "course": "Mock Interviews",
        "instructor": " Marlene Delanghe ",
        "notes": ""
    },
    {
        "date": "2018-04-11T00:00:00",
        "course": "MEAN (Mongo, ExpressJS, Angular, Node)",
        "instructor": "Medhat Elmasry",
        "notes": ""
    },
    {
        "date": "2018-04-12T00:00:00",
        "course": "iOS Development",
        "instructor": "Pat McGee",
        "notes": ""
    },
    {
        "date": "2018-04-13T00:00:00",
        "course": "Front End Web Design",
        "instructor": "Michael Whyte",
        "notes": ""
    },
    {
        "date": "2018-04-16T00:00:00",
        "course": "Project 1 - Phase 3",
        "instructor": "Pat McGee",
        "notes": ""
    },
    {
        "date": "2018-04-17T00:00:00",
        "course": "Industry Project",
        "instructor": "Pat McGee",
        "notes": ""
    },
    {
        "date": "2018-04-18T00:00:00",
        "course": "Industry Project",
        "instructor": "Pat McGee",
        "notes": ""
    },
    {
        "date": "2018-04-19T00:00:00",
        "course": "Industry Project",
        "instructor": "Pat McGee",
        "notes": ""
    },
    {
        "date": "2018-04-20T00:00:00",
        "course": "Industry Project",
        "instructor": "Pat McGee",
        "notes": ""
    },
    {
        "date": "2018-04-23T00:00:00",
        "course": "Industry Project",
        "instructor": "Pat McGee",
        "notes": ""
    },
    {
        "date": "2018-04-24T00:00:00",
        "course": "Industry Project",
        "instructor": "Pat McGee",
        "notes": ""
    },
    {
        "date": "2018-04-25T00:00:00",
        "course": "Industry Project",
        "instructor": "Pat McGee",
        "notes": ""
    },
    {
        "date": "2018-04-26T00:00:00",
        "course": "Industry Project",
        "instructor": "Pat McGee",
        "notes": ""
    },
    {
        "date": "2018-04-27T00:00:00",
        "course": "Industry Project",
        "instructor": "Pat McGee",
        "notes": ""
    },
    {
        "date": "2018-04-30T00:00:00",
        "course": "Industry Project",
        "instructor": "Pat McGee",
        "notes": ""
    },
    {
        "date": "2018-05-01T00:00:00",
        "course": "Industry Project",
        "instructor": "Pat McGee",
        "notes": ""
    },
    {
        "date": "2018-05-02T00:00:00",
        "course": "Industry Project",
        "instructor": "Pat McGee",
        "notes": ""
    },
    {
        "date": "2018-05-03T00:00:00",
        "course": "Industry Project",
        "instructor": "Pat McGee",
        "notes": ""
    },
    {
        "date": "2018-05-04T00:00:00",
        "course": "Industry Project",
        "instructor": "Pat McGee",
        "notes": ""
    },
    {
        "date": "2018-05-07T00:00:00",
        "course": "Industry Project",
        "instructor": "Pat McGee",
        "notes": ""
    },
    {
        "date": "2018-05-08T00:00:00",
        "course": "Industry Project",
        "instructor": "Pat McGee",
        "notes": ""
    },
    {
        "date": "2018-05-09T00:00:00",
        "course": "Industry Project",
        "instructor": "Pat McGee",
        "notes": ""
    },
    {
        "date": "2018-05-10T00:00:00",
        "course": "Industry Project",
        "instructor": "Pat McGee",
        "notes": ""
    },
    {
        "date": "2018-05-11T00:00:00",
        "course": "Industry Project",
        "instructor": "Pat McGee",
        "notes": ""
    }
]