[
    {
        "firstname": "Arlene",
        "lastname": "Ata",
        "email": "aata1@my.bcit.ca",
        "github": "https://github.com/",
        "linkedIn": "https://www.linkedin.com/"
    },
    {
        "firstname": "Edward",
        "lastname": "Bascombe",
        "email": "ebascombe1@my.bcit.ca",
        "github": "https://github.com/",
        "linkedIn": "https://www.linkedin.com/"
    },
    {
        "firstname": "Armaan",
        "lastname": "Dhanji",
        "email": "adhanji8@my.bcit.ca",
        "github": "https://github.com/",
        "linkedIn": "https://www.linkedin.com/"
    },
    {
        "firstname": "Benjamin",
        "lastname": "Flynn",
        "email": "bflynn5@my.bcit.ca",
        "github": "https://github.com/",
        "linkedIn": "https://www.linkedin.com/"
    },
    {
        "firstname": "Manveer",
        "lastname": "Jarosz",
        "email": "mjarosz@my.bcit.ca",
        "github": "https://github.com/",
        "linkedIn": "https://www.linkedin.com/"
    },
    {
        "firstname": "Metkel",
        "lastname": "Kahsay Yohannes",
        "email": "mkahsayyohannes@my.bcit.ca",
        "github": "https://github.com/",
        "linkedIn": "https://www.linkedin.com/"
    },
    {
        "firstname": "Kevin",
        "lastname": "Kline",
        "email": "kkline2@my.bcit.ca",
        "github": "https://github.com/",
        "linkedIn": "https://www.linkedin.com/"
    },
    {
        "firstname": "Jan Arveneil",
        "lastname": "Lingat",
        "email": "jlingat1@my.bcit.ca",
        "github": "https://github.com/",
        "linkedIn": "https://www.linkedin.com/"
    },
    {
        "firstname": "Liam",
        "lastname": "MacNeil",
        "email": "qmacneil@my.bcit.ca",
        "github": "https://github.com/",
        "linkedIn": "https://www.linkedin.com/"
    },
    {
        "firstname": "Duncan",
        "lastname": "May",
        "email": "dmay18@my.bcit.ca",
        "github": "https://github.com/",
        "linkedIn": "https://www.linkedin.com/"
    },
    {
        "firstname": "Khoa",
        "lastname": "Nguyen",
        "email": "knguyen@my.bcit.ca",
        "github": "https://github.com/",
        "linkedIn": "https://www.linkedin.com/"
    },
    {
        "firstname": "Jeremiah",
        "lastname": "Okwuolisa",
        "email": "jokwuolisa@my.bcit.ca",
        "github": "https://github.com/",
        "linkedIn": "https://www.linkedin.com/"
    },
    {
        "firstname": "Daniel",
        "lastname": "Post",
        "email": "dpost3@my.bcit.ca",
        "github": "https://github.com/",
        "linkedIn": "https://www.linkedin.com/"
    },
    {
        "firstname": "Vittorio",
        "lastname": "Rosa",
        "email": "vrosa2@my.bcit.ca",
        "github": "https://github.com/",
        "linkedIn": "https://www.linkedin.com/"
    },
    {
        "firstname": "David",
        "lastname": "Setterlund",
        "email": "dsetterlund@my.bcit.ca",
        "github": "https://github.com/",
        "linkedIn": "https://www.linkedin.com/"
    },
    {
        "firstname": "Fatemeh",
        "lastname": "Taheri",
        "email": "ftaheri2@my.bcit.ca",
        "github": "https://github.com/",
        "linkedIn": "https://www.linkedin.com/"
    },
    {
        "firstname": "Warancha",
        "lastname": "Tumtaweetikul",
        "email": "wtumtaweetikul@my.bcit.ca",
        "github": "https://github.com/",
        "linkedIn": "https://www.linkedin.com/"
    },
    {
        "firstname": "Michael",
        "lastname": "Vande Zande",
        "email": "mvandezande@my.bcit.ca",
        "github": "https://github.com/",
        "linkedIn": "https://www.linkedin.com/"
    },
    {
        "firstname": "Clayton",
        "lastname": "Winterbotham",
        "email": "cwinterbotham@my.bcit.ca",
        "github": "https://github.com/",
        "linkedIn": "https://www.linkedin.com/"
    },
    {
        "firstname": "Wenjie",
        "lastname": "Xu",
        "email": "wxu42@my.bcit.ca",
        "github": "https://github.com/",
        "linkedIn": "https://www.linkedin.com/"
    },
    {
        "firstname": "Edhar",
        "lastname": "Zapeka",
        "email": "ezapeka@my.bcit.ca",
        "github": "https://github.com/",
        "linkedIn": "https://www.linkedin.com/"
    },
    {
        "firstname": "Lin",
        "lastname": "Zhou",
        "email": "lzhou58@my.bcit.ca",
        "github": "https://github.com/",
        "linkedIn": "https://www.linkedin.com/"
    }
]